Title,Media URL,Pinterest board,Description,Link,Publish date,Keywords
Definition of genus ariomma,https://dl.dropboxusercontent.com/scl/fi/nia4bqgyc3o2iw6kqotea/image-401.jpg?rlkey=dgd28bklj9ytbwg0yoc1kumfw&dl=1,definitions/English,a genus of Stromateidae,https://trueandfiction.com/definition/definition-of-genus-ariomma/,2024-12-29T13:31,"definition, meaning, english, vocabulary, genus ariomma"
Definition of hypnotize,https://dl.dropboxusercontent.com/scl/fi/kuh2k7r2ro3z8c05g2hzq/image-402.jpg?rlkey=veq708r0gg3absvh2mos2yr55&dl=1,definitions/English,induce hypnosis in,https://trueandfiction.com/definition/definition-of-hypnotize/,2024-12-29T13:33,"definition, meaning, english, vocabulary, hypnotize"
Definition of cleanup position,https://dl.dropboxusercontent.com/scl/fi/kevlt34oec0ucgytp77m6/image-403.jpg?rlkey=besda9ffeqvxqptlmxirc5srl&dl=1,definitions/English,(baseball) the fourth position in the batting order (usually filled by the best batter on the team),https://trueandfiction.com/definition/definition-of-cleanup-position/,2024-12-29T13:34,"definition, meaning, english, vocabulary, cleanup position"
Definition of amentiferous,https://dl.dropboxusercontent.com/scl/fi/x915afc7mecpyhjyj3l4d/image-404.jpg?rlkey=6jgraf7qrtfqmg4fx9n98aa86&dl=1,definitions/English,(of plants) bearing or characterized by aments or catkins,https://trueandfiction.com/definition/definition-of-amentiferous/,2024-12-29T13:36,"definition, meaning, english, vocabulary, amentiferous"
Definition of howard florey,https://dl.dropboxusercontent.com/scl/fi/sp27l29gqfhn1lnhl94vy/image-405.jpg?rlkey=vlh7ntm77q677zjfumcgdf95m&dl=1,definitions/English,"British pathologist who isolated and purified penicillin, which had been discovered in 1928 by Sir Alexander Fleming (1898-1968)",https://trueandfiction.com/definition/definition-of-howard-florey/,2024-12-29T13:37,"definition, meaning, english, vocabulary, howard florey"
Definition of common louse,https://dl.dropboxusercontent.com/scl/fi/nzphonei2ioouyvkg9ixf/image-406.jpg?rlkey=f658oy559vkyevnux879vayzr&dl=1,definitions/English,head or body louse,https://trueandfiction.com/definition/definition-of-common-louse/,2024-12-29T13:39,"definition, meaning, english, vocabulary, common louse"
Definition of rhexia,https://dl.dropboxusercontent.com/scl/fi/rua56tx7aes9klkfxwyjs/image-407.jpg?rlkey=tyxb3lw6atn5n6p9rk3ft1xh3&dl=1,definitions/English,deer grass,https://trueandfiction.com/definition/definition-of-rhexia/,2024-12-29T13:41,"definition, meaning, english, vocabulary, rhexia"
Definition of quartan,https://dl.dropboxusercontent.com/scl/fi/ongjwstzhgfrz2126jdi4/image-408.jpg?rlkey=hyhwzqvq5z9cl41yulxlbze1o&dl=1,definitions/English,a malarial fever that recurs every fourth day,https://trueandfiction.com/definition/definition-of-quartan/,2024-12-29T13:43,"definition, meaning, english, vocabulary, quartan"
Definition of kazoo,https://dl.dropboxusercontent.com/scl/fi/k2gwqxc86xpshyslldhq7/image-409.jpg?rlkey=ku3qec84de3txxgrkld968g2y&dl=1,definitions/English,a toy wind instrument that has a membrane that makes a sound when you hum into the mouthpiece,https://trueandfiction.com/definition/definition-of-kazoo/,2024-12-29T13:44,"definition, meaning, english, vocabulary, kazoo"
Definition of ginkgoaceae,https://dl.dropboxusercontent.com/scl/fi/5kh99q0bp9se4to3xjukr/image-410.jpg?rlkey=unadl4s8zl7eypt2rdqavsx61&dl=1,definitions/English,constituting the order Ginkgoales; includes the genus Ginkgo and extinct forms,https://trueandfiction.com/definition/definition-of-ginkgoaceae/,2024-12-29T13:46,"definition, meaning, english, vocabulary, ginkgoaceae"
Definition of peter o'toole,https://dl.dropboxusercontent.com/scl/fi/3bpiimttkdhxlclqd1ue4/image-411.jpg?rlkey=yryrxrtvbzoc0xxf0i7kcg051&dl=1,definitions/English,British actor (born in Ireland in 1932),https://trueandfiction.com/definition/definition-of-peter-otoole/,2024-12-29T13:48,"definition, meaning, english, vocabulary, peter o'toole"
Definition of counterespionage,https://dl.dropboxusercontent.com/scl/fi/1ngni0yiadn4ku0blh0p5/image-412.jpg?rlkey=y00onob6nb1jhtyyvfvu5w9pf&dl=1,definitions/English,spying on the spies,https://trueandfiction.com/definition/definition-of-counterespionage/,2024-12-29T13:50,"definition, meaning, english, vocabulary, counterespionage"
Definition of giant coreopsis,https://dl.dropboxusercontent.com/scl/fi/ajx22i7ltkfiu8cxlk2g7/image-413.jpg?rlkey=eqc37py7a7xqe4i7klh4eht7j&dl=1,definitions/English,large treelike shrub having feathery leaves and clusters of large yellow flower heads; coastal southern California,https://trueandfiction.com/definition/definition-of-giant-coreopsis/,2024-12-29T13:52,"definition, meaning, english, vocabulary, giant coreopsis"
Definition of working agreement,https://dl.dropboxusercontent.com/scl/fi/6ykqgjvx5htozp7nfxmyl/image-414.jpg?rlkey=7geuc9kzvafkc21o6axxpsflr&dl=1,definitions/English,an informal agreement to work together,https://trueandfiction.com/definition/definition-of-working-agreement/,2024-12-29T13:53,"definition, meaning, english, vocabulary, working agreement"
Definition of amygdaloid,https://dl.dropboxusercontent.com/scl/fi/ylgghg5quka58veaqrqjd/image-415.jpg?rlkey=noip36xs0zq7gspe7w9lvsx9g&dl=1,definitions/English,shaped like an almond,https://trueandfiction.com/definition/definition-of-amygdaloid/,2024-12-29T13:55,"definition, meaning, english, vocabulary, amygdaloid"
Definition of totter,https://dl.dropboxusercontent.com/scl/fi/4gemvrwyzymli272z5cbp/image-416.jpg?rlkey=17k3nhe1ge1i5m2eig42ebjjs&dl=1,definitions/English,"move without being stable, as if threatening to fall",https://trueandfiction.com/definition/definition-of-totter/,2024-12-29T13:57,"definition, meaning, english, vocabulary, totter"
Definition of oyster fungus,https://dl.dropboxusercontent.com/scl/fi/c0kdqls58p577itn156yc/image-417.jpg?rlkey=mzp283nntowwsqj8hh2cvyoyo&dl=1,definitions/English,edible agaric with a soft greyish cap growing in shelving masses on dead wood,https://trueandfiction.com/definition/definition-of-oyster-fungus/,2024-12-29T13:59,"definition, meaning, english, vocabulary, oyster fungus"
Definition of space-reflection symmetry,https://dl.dropboxusercontent.com/scl/fi/9eryxcfj2yo7r17lo8ist/image-418.jpg?rlkey=sxfh8z4i63nkyr3tmj3hw4ll3&dl=1,definitions/English,(physics) parity is conserved in a universe in which the laws of physics are the same in a right-handed system of coordinates as in a left-handed system,https://trueandfiction.com/definition/definition-of-space-reflection-symmetry/,2024-12-29T14:01,"definition, meaning, english, vocabulary, space-reflection symmetry"
Definition of conditional,https://dl.dropboxusercontent.com/scl/fi/j9zw6elagaq3p4zm9pbdo/image-419.jpg?rlkey=26wbtd50nbw87mxrqzr53jpd9&dl=1,definitions/English,imposing or depending on or containing a condition,https://trueandfiction.com/definition/definition-of-conditional/,2024-12-29T14:03,"definition, meaning, english, vocabulary, conditional"
Definition of overcapitalisation,https://dl.dropboxusercontent.com/scl/fi/5bue57bklriwobxcgjz17/image-420.jpg?rlkey=950jk8b0znkq1bcl29qqu1zvn&dl=1,definitions/English,(business) too much capitalization (the sale of more stock than the business warrants),https://trueandfiction.com/definition/definition-of-overcapitalisation/,2024-12-29T14:05,"definition, meaning, english, vocabulary, overcapitalisation"
Definition of smeltery,https://dl.dropboxusercontent.com/scl/fi/bqhkqk996de29g6hpe3kr/image-421.jpg?rlkey=ks60n7jcz3zpoplfs8sq6xfkd&dl=1,definitions/English,an industrial plant for smelting,https://trueandfiction.com/definition/definition-of-smeltery/,2024-12-29T14:07,"definition, meaning, english, vocabulary, smeltery"
Definition of meconopsis cambrica,https://dl.dropboxusercontent.com/scl/fi/01c0felckutij1oyr9qgt/image-422.jpg?rlkey=fywrjlt6089amo37cwfd7s1jc&dl=1,definitions/English,widely cultivated west European plant with showy pale yellow flowers,https://trueandfiction.com/definition/definition-of-meconopsis-cambrica/,2024-12-29T14:10,"definition, meaning, english, vocabulary, meconopsis cambrica"
Definition of mesothelioma,https://dl.dropboxusercontent.com/scl/fi/odwi88wss5jcmbsrvqqmb/image-423.jpg?rlkey=4tbbywxububouc2cewim64q4k&dl=1,definitions/English,a form of carcinoma of the mesothelium lining lungs or abdomen or heart; usually associated with exposure to asbestos dust,https://trueandfiction.com/definition/definition-of-mesothelioma/,2024-12-29T14:12,"definition, meaning, english, vocabulary, mesothelioma"
Definition of periodic event,https://dl.dropboxusercontent.com/scl/fi/agfdpf7f5vod78y0chzm7/image-424.jpg?rlkey=624s9uusx01hui7q78tpdfc11&dl=1,definitions/English,an event that recurs at intervals,https://trueandfiction.com/definition/definition-of-periodic-event/,2024-12-29T14:14,"definition, meaning, english, vocabulary, periodic event"
Definition of family helicidae,https://dl.dropboxusercontent.com/scl/fi/hnjqlqqv1h8yr5vzobe2a/image-425.jpg?rlkey=ww9tjc4fwsq2trriw6w5cb6ja&dl=1,definitions/English,land snails including the common edible snail and some pests,https://trueandfiction.com/definition/definition-of-family-helicidae/,2024-12-29T14:16,"definition, meaning, english, vocabulary, family helicidae"
Definition of national library of medicine,https://dl.dropboxusercontent.com/scl/fi/rpw7rrm76e4ow3uoyt38a/image-426.jpg?rlkey=19hnrpi7b3fvli6jckfgdsd0o&dl=1,definitions/English,the world's largest medical library,https://trueandfiction.com/definition/definition-of-national-library-of-medicine/,2024-12-29T14:19,"definition, meaning, english, vocabulary, national library of medicine"
Definition of windburnt,https://dl.dropboxusercontent.com/scl/fi/2bui02nwtjfchaswkk7e3/image-427.jpg?rlkey=evs7t6svhtu7k10nycdavnrjg&dl=1,definitions/English,suffering from windburn,https://trueandfiction.com/definition/definition-of-windburnt/,2024-12-29T14:21,"definition, meaning, english, vocabulary, windburnt"
Definition of vegetative cell,https://dl.dropboxusercontent.com/scl/fi/01r9m5ogwiclexmdj4cdl/image-428.jpg?rlkey=tfrvqvdgxer6iz1otwe0jkb2a&dl=1,definitions/English,any of the cells of a plant or animal except the reproductive cells; a cell that does not participate in the production of gametes,https://trueandfiction.com/definition/definition-of-vegetative-cell/,2024-12-29T14:23,"definition, meaning, english, vocabulary, vegetative cell"
Definition of commercial law,https://dl.dropboxusercontent.com/scl/fi/n08c8oua407ryqwl539pv/image-429.jpg?rlkey=r168twpoz84zclijs5r1c10a1&dl=1,definitions/English,the body of rules applied to commercial transactions; derived from the practices of traders rather than from jurisprudence,https://trueandfiction.com/definition/definition-of-commercial-law/,2024-12-29T14:26,"definition, meaning, english, vocabulary, commercial law"
Definition of pholiota nameko,https://dl.dropboxusercontent.com/scl/fi/drhynldmmwjpkxcdvlkwh/image-430.jpg?rlkey=2gqix4phns5omho1rmwxe2ss8&dl=1,definitions/English,one of the most important fungi cultivated in Japan,https://trueandfiction.com/definition/definition-of-pholiota-nameko/,2024-12-29T14:28,"definition, meaning, english, vocabulary, pholiota nameko"
Definition of housing industry,https://dl.dropboxusercontent.com/scl/fi/v41zube95ps3gudgee40l/image-431.jpg?rlkey=1yjl5rdc8zz4ecgao3pzezcpd&dl=1,definitions/English,an industry that builds housing,https://trueandfiction.com/definition/definition-of-housing-industry/,2024-12-29T14:31,"definition, meaning, english, vocabulary, housing industry"
Definition of deerstalker,https://dl.dropboxusercontent.com/scl/fi/1n75ar64gvy25yfpnsqa2/image-432.jpg?rlkey=n4wrjptvafvgoewh79e6xp483&dl=1,definitions/English,a tight-fitting hat with visors front and back; formerly worn by hunters,https://trueandfiction.com/definition/definition-of-deerstalker/,2024-12-29T14:33,"definition, meaning, english, vocabulary, deerstalker"
Definition of velar consonant,https://dl.dropboxusercontent.com/scl/fi/acd10ewnmleq5yxrrxy0e/image-433.jpg?rlkey=r0e7dwjbidlcxg8oyskljutil&dl=1,definitions/English,a consonant produced with the back of the tongue touching or near the soft palate,https://trueandfiction.com/definition/definition-of-velar-consonant/,2024-12-29T14:36,"definition, meaning, english, vocabulary, velar consonant"
Definition of nominalism,https://dl.dropboxusercontent.com/scl/fi/hs0ce51hles75rzrze7oq/image-434.jpg?rlkey=tz4f8zakahgsmqqhzccocmf7a&dl=1,definitions/English,(philosophy) the doctrine that the various objects labeled by the same term have nothing in common but their name,https://trueandfiction.com/definition/definition-of-nominalism/,2024-12-29T14:39,"definition, meaning, english, vocabulary, nominalism"
Definition of genus echinops,https://dl.dropboxusercontent.com/scl/fi/ijm5qmu23wl45gsb96ntu/image-435.jpg?rlkey=ztirequgz072wciukzu4x7t3b&dl=1,definitions/English,genus of Mediterranean and Eurasian herbs: globe thistles,https://trueandfiction.com/definition/definition-of-genus-echinops/,2024-12-29T14:42,"definition, meaning, english, vocabulary, genus echinops"
Definition of sprain,https://dl.dropboxusercontent.com/scl/fi/kcdj8dsjmvgiogswon70u/image-436.jpg?rlkey=2m5w7295wfram9wblx5qb9zbf&dl=1,definitions/English,twist suddenly so as to sprain,https://trueandfiction.com/definition/definition-of-sprain/,2024-12-29T14:44,"definition, meaning, english, vocabulary, sprain"
Definition of pedagogic,https://dl.dropboxusercontent.com/scl/fi/d1py1tjnc8am9jsh7tnz9/image-437.jpg?rlkey=6q4zku4b1cov6sa8hg80coyqr&dl=1,definitions/English,of or relating to pedagogy,https://trueandfiction.com/definition/definition-of-pedagogic/,2024-12-29T14:47,"definition, meaning, english, vocabulary, pedagogic"
Definition of fiesta,https://dl.dropboxusercontent.com/scl/fi/qp45h42c3c4k5xdlca369/image-438.jpg?rlkey=q8lqrm1x6y5dxt5a3z0vkw3pf&dl=1,definitions/English,an elaborate party (often outdoors),https://trueandfiction.com/definition/definition-of-fiesta/,2024-12-29T14:50,"definition, meaning, english, vocabulary, fiesta"
Definition of unbiassed,https://dl.dropboxusercontent.com/scl/fi/yt6ilyb9vmhpv4wje8prc/image-439.jpg?rlkey=sk1lwcb45b8qymwijyim5m43x&dl=1,definitions/English,characterized by a lack of partiality,https://trueandfiction.com/definition/definition-of-unbiassed/,2024-12-29T14:53,"definition, meaning, english, vocabulary, unbiassed"
Definition of sea ladder,https://dl.dropboxusercontent.com/scl/fi/w02tp28ut3mex47nxx15v/image-440.jpg?rlkey=d0k4arcylsotnyyd9iogg69rf&dl=1,definitions/English,(nautical) ladder to be lowered over a ship's side for coming aboard,https://trueandfiction.com/definition/definition-of-sea-ladder/,2024-12-29T14:57,"definition, meaning, english, vocabulary, sea ladder"
Definition of factory worker,https://dl.dropboxusercontent.com/scl/fi/padtuzrgs9vsvgaluddop/image-441.jpg?rlkey=b7lv04l9zg560vw1kzhf5ech9&dl=1,definitions/English,a workman in a mill or factory,https://trueandfiction.com/definition/definition-of-factory-worker/,2024-12-29T15:00,"definition, meaning, english, vocabulary, factory worker"
Definition of methodicalness,https://dl.dropboxusercontent.com/scl/fi/sesb5i2r830htrvrqggo8/image-442.jpg?rlkey=frezqfr3wmbald4hoje4izbys&dl=1,definitions/English,the quality of appreciating method and system,https://trueandfiction.com/definition/definition-of-methodicalness/,2024-12-29T15:01,"definition, meaning, english, vocabulary, methodicalness"
Definition of spinning frame,https://dl.dropboxusercontent.com/scl/fi/qz6axgp36lz30mlam4xhm/image-443.jpg?rlkey=w8fmlcc7qv48tldtag8q4g7jh&dl=1,definitions/English,"spinning machine that draws, twists, and winds yarn",https://trueandfiction.com/definition/definition-of-spinning-frame/,2024-12-29T15:03,"definition, meaning, english, vocabulary, spinning frame"
Definition of kuhn,https://dl.dropboxusercontent.com/scl/fi/2gxadjv377gdifxgs3tyy/image-444.jpg?rlkey=pwyp8v2eaiihv9jiuvc6wl540&dl=1,definitions/English,Austrian chemist who did research on carotenoids and vitamins (1900-1967),https://trueandfiction.com/definition/definition-of-kuhn/,2024-12-29T15:05,"definition, meaning, english, vocabulary, kuhn"
Definition of oboist,https://dl.dropboxusercontent.com/scl/fi/we3dbprhogxc6a7ww0gtg/image-445.jpg?rlkey=m3g816gtoc46198qb1ergdkte&dl=1,definitions/English,a musician who plays the oboe,https://trueandfiction.com/definition/definition-of-oboist/,2024-12-29T15:07,"definition, meaning, english, vocabulary, oboist"
Definition of lead on,https://dl.dropboxusercontent.com/scl/fi/ywqsr5zzrjqplhuz1eb5w/image-446.jpg?rlkey=umvwyljm8zaq6a0rnshub19bx&dl=1,definitions/English,be false to; be dishonest with,https://trueandfiction.com/definition/definition-of-lead-on/,2024-12-29T15:09,"definition, meaning, english, vocabulary, lead on"
Definition of allyl,https://dl.dropboxusercontent.com/scl/fi/mxduu52qfmkr7k7dvf1vr/image-447.jpg?rlkey=w64muxbm6xpmv0r3u1agk18v5&dl=1,definitions/English,the univalent unsaturated organic radical C3H5; derived from propylene,https://trueandfiction.com/definition/definition-of-allyl/,2024-12-29T15:11,"definition, meaning, english, vocabulary, allyl"
Definition of space biology,https://dl.dropboxusercontent.com/scl/fi/2iuf8oyj91ku3jcfofiqe/image-448.jpg?rlkey=hg3iopjgndbzfhddy2tzt8xz8&dl=1,definitions/English,the branch of biology concerned with the effects of outer space on living organisms and the search for extraterrestrial life,https://trueandfiction.com/definition/definition-of-space-biology/,2024-12-29T15:13,"definition, meaning, english, vocabulary, space biology"
Definition of ice shelf,https://dl.dropboxusercontent.com/scl/fi/bhexd9ljjbc6f7hyoqzyp/image-449.jpg?rlkey=02dkyjlz8bokr0jyy02lzm46x&dl=1,definitions/English,ice that is attached to land but projects out to sea,https://trueandfiction.com/definition/definition-of-ice-shelf/,2024-12-29T15:15,"definition, meaning, english, vocabulary, ice shelf"
Definition of gaborone,https://dl.dropboxusercontent.com/scl/fi/kqxokrvpulsw1vi6kq8zb/image-450.jpg?rlkey=slbztvuwsnlrm75tp1j95fryj&dl=1,definitions/English,capital and largest city of Botswana in the extreme southeast,https://trueandfiction.com/definition/definition-of-gaborone/,2024-12-29T15:17,"definition, meaning, english, vocabulary, gaborone"
Definition of 31st,https://dl.dropboxusercontent.com/scl/fi/d0unrne703s3i1xc9wffl/image-451.jpg?rlkey=lmnsq6priilu0x47gkjh6kedf&dl=1,definitions/English,coming next after the thirtieth in position,https://trueandfiction.com/definition/definition-of-31st/,2024-12-29T15:19,"definition, meaning, english, vocabulary, 31st"
Definition of spiritual,https://dl.dropboxusercontent.com/scl/fi/y562ds0qwwqtceafokfd7/image-452.jpg?rlkey=tl9ihnsptguo6lpa0gr2ate8u&dl=1,definitions/English,resembling or characteristic of a phantom,https://trueandfiction.com/definition/definition-of-spiritual/,2024-12-29T15:21,"definition, meaning, english, vocabulary, spiritual"
Definition of cuculiformes,https://dl.dropboxusercontent.com/scl/fi/ztjp0k834vyvaoq82j3wo/image-453.jpg?rlkey=tzbyqtnrtwxwumirs2v8esv5d&dl=1,definitions/English,cuckoos; touracos; etc.,https://trueandfiction.com/definition/definition-of-cuculiformes/,2024-12-29T15:23,"definition, meaning, english, vocabulary, cuculiformes"
Definition of emersion,https://dl.dropboxusercontent.com/scl/fi/s0r0gsbs0iog9c8h7gtwe/image-454.jpg?rlkey=zesod60v2hq40hf0pat7ugdpf&dl=1,definitions/English,(astronomy) the reappearance of a celestial body after an eclipse,https://trueandfiction.com/definition/definition-of-emersion/,2024-12-29T15:25,"definition, meaning, english, vocabulary, emersion"
Definition of heartless,https://dl.dropboxusercontent.com/scl/fi/pupdjin5rxjl729ycifk7/image-455.jpg?rlkey=2myc66x6324svhhuf2m3nqzql&dl=1,definitions/English,devoid of courage or enthusiasm,https://trueandfiction.com/definition/definition-of-heartless/,2024-12-29T15:27,"definition, meaning, english, vocabulary, heartless"
Definition of armpit,https://dl.dropboxusercontent.com/scl/fi/hycorgw807ler38u7nur8/image-456.jpg?rlkey=w3ovbgtzq1a09q7mkiltdec2p&dl=1,definitions/English,the hollow under the arm where it is joined to the shoulder,https://trueandfiction.com/definition/definition-of-armpit/,2024-12-29T15:29,"definition, meaning, english, vocabulary, armpit"
Definition of raisin bread,https://dl.dropboxusercontent.com/scl/fi/jdlnki3hcq8vcffnefsn9/image-457.jpg?rlkey=5pr15c5qx2139lm4rbteotixq&dl=1,definitions/English,bread containing raisins,https://trueandfiction.com/definition/definition-of-raisin-bread/,2024-12-29T15:31,"definition, meaning, english, vocabulary, raisin bread"
Definition of cyclone cellar,https://dl.dropboxusercontent.com/scl/fi/hl1owoer5t571vh2sgbfv/image-458.jpg?rlkey=te65prywum0iinqmx8fyx0csq&dl=1,definitions/English,an underground shelter where you can go until a storm passes,https://trueandfiction.com/definition/definition-of-cyclone-cellar/,2024-12-29T15:33,"definition, meaning, english, vocabulary, cyclone cellar"
Definition of wittily,https://dl.dropboxusercontent.com/scl/fi/o4pd9wyk8teozwaf4i85q/image-459.jpg?rlkey=cdh61xl6xm844p3d2nm340y9s&dl=1,definitions/English,in a witty manner,https://trueandfiction.com/definition/definition-of-wittily/,2024-12-29T15:35,"definition, meaning, english, vocabulary, wittily"
Definition of gabled,https://dl.dropboxusercontent.com/scl/fi/b6lumz5w0y1tk5burulug/image-460.jpg?rlkey=zm3p9lqk8xjulvg9jgbtb0wqb&dl=1,definitions/English,(of a roof) constructed with a single slope on each side of the ridge supported at the end by a gable or vertical triangular portion of an end wall,https://trueandfiction.com/definition/definition-of-gabled/,2024-12-29T15:38,"definition, meaning, english, vocabulary, gabled"
Definition of millimetre,https://dl.dropboxusercontent.com/scl/fi/3d6uyl58okn9rpsky98jb/image-461.jpg?rlkey=0k0wylby8tnrl7hottgnp1gyg&dl=1,definitions/English,a metric unit of length equal to one thousandth of a meter,https://trueandfiction.com/definition/definition-of-millimetre/,2024-12-29T15:40,"definition, meaning, english, vocabulary, millimetre"
Definition of approbatory,https://dl.dropboxusercontent.com/scl/fi/l97qgd3w8jxyx4jx73nts/image-462.jpg?rlkey=jdixo67083bnnl4y33gxqx34h&dl=1,definitions/English,expressing or manifesting praise or approval,https://trueandfiction.com/definition/definition-of-approbatory/,2024-12-29T15:42,"definition, meaning, english, vocabulary, approbatory"
Definition of constraint,https://dl.dropboxusercontent.com/scl/fi/yl9ovdi7zg7mmhzkpdhj9/image-463.jpg?rlkey=47ah3h09nzspvnn8lun7sa1ea&dl=1,definitions/English,a device that retards something's motion,https://trueandfiction.com/definition/definition-of-constraint/,2024-12-29T15:44,"definition, meaning, english, vocabulary, constraint"
Definition of nephrolithiasis,https://dl.dropboxusercontent.com/scl/fi/cxm67ncl3f7u7rvkvlxod/image-464.jpg?rlkey=3jlzj4e9eh7tnzciipxhhgcyk&dl=1,definitions/English,the presence of kidney stones (calculi) in the kidney,https://trueandfiction.com/definition/definition-of-nephrolithiasis/,2024-12-29T15:47,"definition, meaning, english, vocabulary, nephrolithiasis"
Definition of domineeringly,https://dl.dropboxusercontent.com/scl/fi/nky8jaincikv02niovjdq/image-465.jpg?rlkey=q9jqp5ylgcxyye0urzpwl5v5r&dl=1,definitions/English,in a domineering manner,https://trueandfiction.com/definition/definition-of-domineeringly/,2024-12-29T15:49,"definition, meaning, english, vocabulary, domineeringly"
Definition of pleasure-pain principle,https://dl.dropboxusercontent.com/scl/fi/d0641rg9coxjtc45wer3s/image-466.jpg?rlkey=8h40zgcpub3tou0ve50mb59gd&dl=1,definitions/English,(psychoanalysis) the governing principle of the id; the principle that an infant seeks gratification and fails to distinguish fantasy from reality,https://trueandfiction.com/definition/definition-of-pleasure-pain-principle/,2024-12-29T15:52,"definition, meaning, english, vocabulary, pleasure-pain principle"
Definition of bank closing,https://dl.dropboxusercontent.com/scl/fi/gvz9zwxhfpaitk1epyugw/image-467.jpg?rlkey=ifcybqiz2h428049q3pev4i4f&dl=1,definitions/English,act of closing down a bank because of a fiscal emergency or failure,https://trueandfiction.com/definition/definition-of-bank-closing/,2024-12-29T15:54,"definition, meaning, english, vocabulary, bank closing"
Definition of bing crosby,https://dl.dropboxusercontent.com/scl/fi/t4bzt1be1tz5duao3gjjv/image-468.jpg?rlkey=ne8baj215ke4p4pcaif5tmroa&dl=1,definitions/English,United States singer and film actor (1903-1977),https://trueandfiction.com/definition/definition-of-bing-crosby/,2024-12-29T15:56,"definition, meaning, english, vocabulary, bing crosby"
Definition of bomber harris,https://dl.dropboxusercontent.com/scl/fi/so47fi0ognqd7v3lp5pp0/image-469.jpg?rlkey=qvc4ax16jtde21th56elmqlk8&dl=1,definitions/English,British marshal of the Royal Air Force; during World War II he directed mass bombing raids against German cities that resulted in heavy civilian casualties (1892-1984),https://trueandfiction.com/definition/definition-of-bomber-harris/,2024-12-29T15:59,"definition, meaning, english, vocabulary, bomber harris"
Definition of earth tremor,https://dl.dropboxusercontent.com/scl/fi/myv59garalguevwgwgzah/image-470.jpg?rlkey=hmm41s9pwklamb5itlhmaob2i&dl=1,definitions/English,a small earthquake,https://trueandfiction.com/definition/definition-of-earth-tremor/,2024-12-29T16:02,"definition, meaning, english, vocabulary, earth tremor"
Definition of cartoon strip,https://dl.dropboxusercontent.com/scl/fi/h476885g8elqh0qdm03xd/image-471.jpg?rlkey=9td0ft1qwqjqmfzt0dqdnl8uq&dl=1,definitions/English,a sequence of drawings telling a story in a newspaper or comic book,https://trueandfiction.com/definition/definition-of-cartoon-strip/,2024-12-29T16:04,"definition, meaning, english, vocabulary, cartoon strip"
Definition of bee eater,https://dl.dropboxusercontent.com/scl/fi/eo22z4f4a61r60irb2i3o/image-472.jpg?rlkey=4tfp0dqoz0v9lb5l180xkr8oe&dl=1,definitions/English,colorful chiefly tropical Old World bird having a strong graceful flight; feeds on especially bees,https://trueandfiction.com/definition/definition-of-bee-eater/,2024-12-29T16:07,"definition, meaning, english, vocabulary, bee eater"
Definition of gentiana calycosa,https://dl.dropboxusercontent.com/scl/fi/xj71lndeyexsyboty6dk4/image-473.jpg?rlkey=8q3t4i07ymkxh8kv91vp0sfl8&dl=1,definitions/English,tufted sometimes sprawling perennial with blue flowers spotted with green; western North America,https://trueandfiction.com/definition/definition-of-gentiana-calycosa/,2024-12-29T16:09,"definition, meaning, english, vocabulary, gentiana calycosa"
Definition of white heat,https://dl.dropboxusercontent.com/scl/fi/khlbkwtfysio86f5k6rbv/image-474.jpg?rlkey=7a9w8npd8dkr8wbd3y1pmpo6s&dl=1,definitions/English,the hotness of something heated until it turns white,https://trueandfiction.com/definition/definition-of-white-heat/,2024-12-29T16:12,"definition, meaning, english, vocabulary, white heat"
Definition of barn grass,https://dl.dropboxusercontent.com/scl/fi/vi33jnib1yefvczulrlha/image-475.jpg?rlkey=1suq6tg9udllcrdwua5tnx8gy&dl=1,definitions/English,a coarse annual panic grass; a cosmopolitan weed; occasionally used for hay or grazing,https://trueandfiction.com/definition/definition-of-barn-grass/,2024-12-29T16:15,"definition, meaning, english, vocabulary, barn grass"
Definition of mexican beaded lizard,https://dl.dropboxusercontent.com/scl/fi/8qvz510a7xjeaz43p3b5r/image-476.jpg?rlkey=uh3hwkybbk7efpxvc5g8g9x7o&dl=1,definitions/English,lizard with black and yellowish beadlike scales; of western Mexico,https://trueandfiction.com/definition/definition-of-mexican-beaded-lizard/,2024-12-29T16:18,"definition, meaning, english, vocabulary, mexican beaded lizard"
Definition of valor,https://dl.dropboxusercontent.com/scl/fi/ijllhk53aj34trjkeekmw/image-477.jpg?rlkey=2k26nhemmb7jow8tevi5bqmws&dl=1,definitions/English,the qualities of a hero or heroine; exceptional or heroic courage when facing danger (especially in battle),https://trueandfiction.com/definition/definition-of-valor/,2024-12-29T16:20,"definition, meaning, english, vocabulary, valor"
Definition of paleoanthropology,https://dl.dropboxusercontent.com/scl/fi/etlv3lnvybnggn8fh3yt5/image-478.jpg?rlkey=t0shy6vd915e4n3th0oyblyn0&dl=1,definitions/English,the scientific study of human fossils,https://trueandfiction.com/definition/definition-of-paleoanthropology/,2024-12-29T16:23,"definition, meaning, english, vocabulary, paleoanthropology"
Definition of ect,https://dl.dropboxusercontent.com/scl/fi/y8r61is269qzxqw39yuf4/image-479.jpg?rlkey=000zw83sgstgqst77bulzckvl&dl=1,definitions/English,the administration of a strong electric current that passes through the brain to induce convulsions and coma,https://trueandfiction.com/definition/definition-of-ect/,2024-12-29T16:26,"definition, meaning, english, vocabulary, ect"
Definition of enlighten,https://dl.dropboxusercontent.com/scl/fi/5baz58w7vfmwowvegm0bd/image-480.jpg?rlkey=vwntuo9p27qxbto9vob4x5ew1&dl=1,definitions/English,give spiritual insight to; in religion,https://trueandfiction.com/definition/definition-of-enlighten/,2024-12-29T16:29,"definition, meaning, english, vocabulary, enlighten"
Definition of soren peter lauritz sorensen,https://dl.dropboxusercontent.com/scl/fi/zo4bseh45wga6b0tessl3/image-481.jpg?rlkey=wiwupmwh42s5sage6sg34alj1&dl=1,definitions/English,Danish chemist who devised the pH scale (1868-1939),https://trueandfiction.com/definition/definition-of-soren-peter-lauritz-sorensen/,2024-12-29T16:32,"definition, meaning, english, vocabulary, soren peter lauritz sorensen"
Definition of government note,https://dl.dropboxusercontent.com/scl/fi/3ngvjzajy2qpxrlnmexq1/image-482.jpg?rlkey=2zbowwr4lz7apx3wc60u321iw&dl=1,definitions/English,a piece of paper money (especially one issued by a central bank),https://trueandfiction.com/definition/definition-of-government-note/,2024-12-29T16:35,"definition, meaning, english, vocabulary, government note"
Definition of callitris glaucophylla,https://dl.dropboxusercontent.com/scl/fi/0w9629yhjfqdd7kcljeal/image-483.jpg?rlkey=hm9n7pq9iya50hzakpagq6dx9&dl=1,definitions/English,small tree or shrub of southern Australia,https://trueandfiction.com/definition/definition-of-callitris-glaucophylla/,2024-12-29T16:38,"definition, meaning, english, vocabulary, callitris glaucophylla"
Definition of swainsona greyana,https://dl.dropboxusercontent.com/scl/fi/lyuor8z7mgx8lt2zc7cgd/image-484.jpg?rlkey=jn624wjo0bi5ce41janucxmyc&dl=1,definitions/English,shrubby perennial of southern Australia having downy or woolly stems and undersides of leaves and racemes of red to pink flowers,https://trueandfiction.com/definition/definition-of-swainsona-greyana/,2024-12-29T16:41,"definition, meaning, english, vocabulary, swainsona greyana"
Definition of victoria clafin woodhull,https://dl.dropboxusercontent.com/scl/fi/gwhsxhakd5vf4v5u02r5n/image-485.jpg?rlkey=xtsrggqzafm2ea89ynhs1jvwv&dl=1,definitions/English,United States advocate of women's suffrage; in 1872 she was the first woman to run for the United States presidency (1838-1927),https://trueandfiction.com/definition/definition-of-victoria-clafin-woodhull/,2024-12-29T16:45,"definition, meaning, english, vocabulary, victoria clafin woodhull"
Definition of megacardia,https://dl.dropboxusercontent.com/scl/fi/ncmc4mb8zmcp4euoh86rp/image-486.jpg?rlkey=mgw92wln1tvj3vxa656ytx7ak&dl=1,definitions/English,an abnormal enlargement of the heart,https://trueandfiction.com/definition/definition-of-megacardia/,2024-12-29T16:48,"definition, meaning, english, vocabulary, megacardia"
Definition of bell captain,https://dl.dropboxusercontent.com/scl/fi/n54bdthc307j1fpcozagp/image-487.jpg?rlkey=2013ujmmyg4445lin1xl9rmex&dl=1,definitions/English,the supervisor of bellboys in a hotel,https://trueandfiction.com/definition/definition-of-bell-captain/,2024-12-29T16:51,"definition, meaning, english, vocabulary, bell captain"
Definition of real-estate business,https://dl.dropboxusercontent.com/scl/fi/dhhaf7bf84i1die66e7qk/image-488.jpg?rlkey=o9ct4j38rtd0r0x8q6eexbgpp&dl=1,definitions/English,the business of selling real estate,https://trueandfiction.com/definition/definition-of-real-estate-business/,2024-12-29T16:55,"definition, meaning, english, vocabulary, real-estate business"
Definition of mouthlike,https://dl.dropboxusercontent.com/scl/fi/szg9otabimh5y0l0z5wob/image-489.jpg?rlkey=zyn6xmyxlvny6b6h8qj0of4vy&dl=1,definitions/English,of an opening that resembles a mouth,https://trueandfiction.com/definition/definition-of-mouthlike/,2024-12-29T16:58,"definition, meaning, english, vocabulary, mouthlike"
Definition of macedonia,https://dl.dropboxusercontent.com/scl/fi/seltxg8gqpnl0zwy14hzt/image-490.jpg?rlkey=5d8kdcb5lt6o4e04ys3chyorg&dl=1,definitions/English,landlocked republic on the Balkan Peninsula; achieved independence from Yugoslavia in 1991,https://trueandfiction.com/definition/definition-of-macedonia/,2024-12-29T17:02,"definition, meaning, english, vocabulary, macedonia"
Definition of awless,https://dl.dropboxusercontent.com/scl/fi/18v3uhfb55hql3g7g3kn5/image-491.jpg?rlkey=toyucv6ydgfl05io03qa00ff2&dl=1,definitions/English,devoid of any feeling of awe or reverence,https://trueandfiction.com/definition/definition-of-awless/,2024-12-29T17:05,"definition, meaning, english, vocabulary, awless"
Definition of mundaneness,https://dl.dropboxusercontent.com/scl/fi/ahwmfp4ec7s62pe5jk01k/image-492.jpg?rlkey=9qyukt4e6vc6b2ln1tt08rjh9&dl=1,definitions/English,the quality or character of being intellectually sophisticated and worldly through cultivation or experience or disillusionment,https://trueandfiction.com/definition/definition-of-mundaneness/,2024-12-29T17:09,"definition, meaning, english, vocabulary, mundaneness"
Definition of wind power,https://dl.dropboxusercontent.com/scl/fi/vf0w9s2kp7k6nydkql1b8/image-493.jpg?rlkey=krqeccpd5j2adsimgviif4ks6&dl=1,definitions/English,power derived from the wind (as by windmills),https://trueandfiction.com/definition/definition-of-wind-power/,2024-12-29T17:13,"definition, meaning, english, vocabulary, wind power"
Definition of fehling's solution,https://dl.dropboxusercontent.com/scl/fi/h6sb02wsw06nerfk1i00l/image-494.jpg?rlkey=n0u60qypq06ky47c0lj7cowhb&dl=1,definitions/English,a liquid solution of copper sulfate and potassium tartrate and sodium hydroxide that is used to test for sugar in the urine; solution turns reddish when sugar is present,https://trueandfiction.com/definition/definition-of-fehlings-solution/,2024-12-29T17:16,"definition, meaning, english, vocabulary, fehling's solution"
Definition of the admirable crichton,https://dl.dropboxusercontent.com/scl/fi/zotdh2pczlu23dwvvymu6/image-495.jpg?rlkey=f7cvk5l4c7wpia5n6vllnhcmb&dl=1,definitions/English,Scottish man of letters and adventurer (1560-1582),https://trueandfiction.com/definition/definition-of-the-admirable-crichton/,2024-12-29T17:20,"definition, meaning, english, vocabulary, the admirable crichton"
Definition of unrouged,https://dl.dropboxusercontent.com/scl/fi/i7jmzni6lvl9h2w7zsbx3/image-496.jpg?rlkey=1skvm41xkufxtw2r3vtndhy1l&dl=1,definitions/English,not wearing rouge,https://trueandfiction.com/definition/definition-of-unrouged/,2024-12-29T17:24,"definition, meaning, english, vocabulary, unrouged"
Definition of stubbornly,https://dl.dropboxusercontent.com/scl/fi/79d1y030m4t0srxbm198y/image-497.jpg?rlkey=1r0lhdjkb60pcn20emmwscgmb&dl=1,definitions/English,in a stubborn unregenerate manner,https://trueandfiction.com/definition/definition-of-stubbornly/,2024-12-29T17:28,"definition, meaning, english, vocabulary, stubbornly"
Definition of jingle,https://dl.dropboxusercontent.com/scl/fi/x75kkexu1ifqzol8dmn45/image-498.jpg?rlkey=0cc2flar1h7oue1c4j86rfj3c&dl=1,definitions/English,make a sound typical of metallic objects,https://trueandfiction.com/definition/definition-of-jingle/,2024-12-29T17:33,"definition, meaning, english, vocabulary, jingle"
Definition of crosier,https://dl.dropboxusercontent.com/scl/fi/ji3uzyvg21zr9a8y9lleo/image-499.jpg?rlkey=4wj2ztzmeykkwy47w8eve1hyo&dl=1,definitions/English,a staff surmounted by a crook or cross carried by bishops as a symbol of pastoral office,https://trueandfiction.com/definition/definition-of-crosier/,2024-12-29T17:37,"definition, meaning, english, vocabulary, crosier"
Definition of laxness,https://dl.dropboxusercontent.com/scl/fi/f8hq6tw156k202q2wuyh5/image-500.jpg?rlkey=yglivizsy025gdlfbcginvv7x&dl=1,definitions/English,the quality of being lax and neglectful,https://trueandfiction.com/definition/definition-of-laxness/,2024-12-29T17:41,"definition, meaning, english, vocabulary, laxness"
